Mutation,WT_AA,Mut_AA,Position,RMSD,Criterion,DDE_Contact,N_Contacts_Site,DDE_Per_Contact,Decay_Rate,Propagation_Reach,Electrostatic_Impact,Hydrophobicity_Change,Charge_Change,In_DBD,Rewiring_Energy,Contacts_Lost,Contacts_Gained,DBD_Contacts_Lost,ARES,ARES_Class,ARES_Rank,RMSD_Rank,Rank_Change
I195T,I,T,195,32.5522,,19.53,9,2.17,-1.8713,9,0.0,2.6,0.0,True,60.36,22,6,14,67.11,Destabilizing,1,45,44
E258K,E,K,258,29.0433,,5.28,10,0.528,0.0405,9,4.0,0.2,2.0,True,92.52,28,9,9,64.79,Destabilizing,2,77,75
L194R,L,R,194,32.8773,,20.51,7,2.93,-0.1276,9,2.0,4.15,1.0,True,26.95,9,15,5,59.38,Destabilizing,3,39,36
R196Q,R,Q,196,33.2095,,0.25,7,0.0357,-5.2295,8,2.0,0.5,-1.0,True,42.34,16,6,11,59.05,Destabilizing,4,31,27
C176R,C,R,176,31.5949,,14.85,9,1.65,-0.3279,9,2.0,3.5,1.0,True,32.98,12,9,4,56.88,Destabilizing,5,58,53
E286K,E,K,286,24.5827,,6.11,7,0.8729,0.0791,9,4.0,0.2,2.0,True,64.55,22,7,9,56.75,Destabilizing,6,92,86
R248L,R,L,248,21.5996,,-11.15,4,-2.7875,-5.8409,8,3.0,4.15,-1.0,True,18.93,7,13,5,56.47,Destabilizing,7,105,98
R248G,R,G,248,30.1166,,-1.26,4,-0.315,0.0217,9,3.0,2.05,-1.0,True,61.6,21,4,7,53.13,Destabilizing,8,66,58
S240N,S,N,240,24.1639,,0.45,8,0.0563,-1.1276,9,0.0,1.35,0.0,True,70.86,24,5,9,53.02,Destabilizing,9,95,86
L344R,L,R,344,22.5967,,13.01,4,3.2525,0.0479,5,1.0,4.15,1.0,False,43.88,16,9,11,52.58,Destabilizing,10,100,90
C242S,C,S,242,28.1234,,11.43,7,1.6329,0.0283,9,0.0,1.65,0.0,True,46.27,17,4,9,49.46,Moderately Destabilizing,11,81,70
G266V,G,V,266,27.2404,,-15.6,10,-1.56,-1.4841,9,0.0,2.3,0.0,True,81.48,27,8,13,49.13,Moderately Destabilizing,12,84,72
E221K,E,K,221,32.3929,,0.43,1,0.43,-0.0813,9,4.0,0.2,2.0,True,48.95,17,5,8,48.95,Moderately Destabilizing,13,47,34
Y126D,Y,D,126,22.6419,,13.32,8,1.665,0.0551,9,2.0,1.1,-1.0,True,30.08,10,15,7,48.73,Moderately Destabilizing,14,99,85
G245D,G,D,245,32.198,,2.55,7,0.3643,-0.66,9,2.0,1.55,-1.0,True,41.95,14,6,9,48.72,Moderately Destabilizing,15,50,35
C176S,C,S,176,35.3059,,15.4,9,1.7111,-0.0958,9,0.0,1.65,0.0,True,32.11,13,10,6,48.13,Moderately Destabilizing,16,12,-4
R282Q,R,Q,282,31.5187,,1.74,8,0.2175,0.046,9,2.0,0.5,-1.0,True,56.55,20,6,6,48.09,Moderately Destabilizing,17,59,42
F341K,F,K,341,35.9703,,13.74,4,3.435,-0.0102,6,1.0,3.35,1.0,False,27.05,10,6,4,47.59,Moderately Destabilizing,18,10,-8
W91L,W,L,91,32.9346,,-1.3,1,-1.3,-0.1263,9,0.0,2.35,0.0,False,57.26,20,4,11,46.61,Moderately Destabilizing,19,37,18
H179R,H,R,179,31.2106,,5.11,6,0.8517,0.0153,9,1.8,0.65,0.9,True,43.83,15,7,8,46.4,Moderately Destabilizing,20,60,40
E294G,E,G,294,17.9474,,1.2,2,0.6,0.0879,9,1.0,1.55,1.0,False,49.54,15,4,7,45.6,Moderately Destabilizing,21,119,98
F113N,F,N,113,33.4611,,11.47,4,2.8675,0.0288,9,0.0,3.15,0.0,True,21.48,7,6,4,45.15,Moderately Destabilizing,22,27,5
Y234C,Y,C,234,33.5168,,-1.08,8,-0.135,-0.1151,9,0.0,1.9,0.0,True,54.21,16,7,7,44.85,Moderately Destabilizing,23,25,2
H193R,H,R,193,22.7217,,5.2,8,0.65,-0.138,9,1.8,0.65,0.9,True,34.92,13,7,12,44.28,Moderately Destabilizing,24,98,74
D281E,D,E,281,36.4893,,0.44,6,0.0733,0.136,9,0.0,0.0,0.0,True,64.84,20,7,8,44.22,Moderately Destabilizing,25,6,-19
R213Q,R,Q,213,8.2168,,1.6,7,0.2286,0.1009,9,2.0,0.5,-1.0,True,44.16,15,6,4,44.09,Moderately Destabilizing,26,128,102
H179Q,H,Q,179,32.1877,,3.81,6,0.635,-0.0122,9,0.2,0.15,-0.1,True,52.99,17,8,12,44.02,Moderately Destabilizing,27,51,24
P278R,P,R,278,17.9795,,1.92,14,0.1371,0.0522,9,2.0,1.45,1.0,True,36.03,14,16,14,43.99,Moderately Destabilizing,28,118,90
R249S,R,S,249,34.2997,,0.22,6,0.0367,0.1905,9,2.0,1.85,-1.0,True,37.94,15,7,12,43.87,Moderately Destabilizing,29,17,-12
R249T,R,T,249,16.7298,,-1.74,6,-0.29,-0.2608,9,2.0,1.9,-1.0,True,34.75,12,5,9,43.24,Moderately Destabilizing,30,124,94
R110P,R,P,110,31.8022,,-0.71,6,-0.1183,0.0687,9,2.0,1.45,-1.0,True,39.06,13,11,8,43.17,Moderately Destabilizing,31,56,25
N239D,N,D,239,22.0229,,1.03,8,0.1288,-0.1495,9,2.0,0.0,-1.0,True,42.74,15,8,11,43.07,Moderately Destabilizing,32,104,72
R175G,R,G,175,32.1425,,-0.74,10,-0.074,-0.6787,9,2.0,2.05,-1.0,True,26.28,9,16,8,43.01,Moderately Destabilizing,33,52,19
C238Y,C,Y,238,23.6182,,3.07,9,0.3411,0.0804,9,0.0,1.9,0.0,True,40.79,15,8,12,42.82,Moderately Destabilizing,34,97,63
E285K,E,K,285,32.9137,,1.54,4,0.385,0.0333,9,4.0,0.2,2.0,True,27.32,11,14,5,42.76,Moderately Destabilizing,35,38,3
I251F,I,F,251,26.8467,,-2.71,8,-0.3387,-0.0435,9,0.0,0.85,0.0,True,57.78,16,6,7,42.45,Moderately Destabilizing,36,85,49
R248Q,R,Q,248,22.192,,-0.2,4,-0.05,0.2198,9,3.0,0.5,-1.0,True,36.15,14,8,9,42.23,Moderately Destabilizing,37,101,64
R280T,R,T,280,37.7316,,-2.54,6,-0.4233,0.1349,9,3.0,1.9,-1.0,True,29.72,11,14,3,42.01,Moderately Destabilizing,38,2,-36
R175H,R,H,175,31.8538,,-6.08,10,-0.608,-0.0457,9,1.8,0.65,-0.9,True,51.41,18,8,8,41.74,Moderately Destabilizing,39,55,16
F54S,F,S,54,29.5204,,2.08,1,2.08,0.0073,3,0.0,1.8,0.0,False,61.28,22,7,10,41.73,Moderately Destabilizing,40,72,32
N210S,N,S,210,32.7993,,-0.18,2,-0.09,-0.2436,9,0.0,1.35,0.0,True,44.31,15,7,7,41.71,Moderately Destabilizing,41,40,-1
D281G,D,G,281,32.7702,,-3.17,6,-0.5283,0.0564,9,3.0,1.55,1.0,True,31.49,12,11,5,41.66,Moderately Destabilizing,42,41,-1
Y163C,Y,C,163,20.8872,,0.24,9,0.0267,-0.4296,9,0.0,1.9,0.0,True,35.99,12,8,6,41.23,Moderately Destabilizing,43,107,64
V143A,V,A,143,35.4997,,10.73,8,1.3413,-0.0063,8,0.0,1.2,0.0,True,24.67,9,7,4,40.55,Moderately Destabilizing,44,11,-33
C135Y,C,Y,135,20.5619,,4.84,13,0.3723,0.0566,9,0.0,1.9,0.0,True,28.57,11,9,7,40.34,Moderately Destabilizing,45,109,64
R249G,R,G,249,35.1811,,-0.94,6,-0.1567,0.1567,9,2.0,2.05,-1.0,True,26.32,9,8,6,40.15,Moderately Destabilizing,46,14,-32
W146C,W,C,146,20.7398,,2.08,8,0.26,0.0936,9,0.0,1.7,0.0,True,34.11,12,17,11,39.71,Moderately Destabilizing,47,108,61
T155I,T,I,155,33.7498,,-14.98,8,-1.8725,-0.1215,9,0.0,2.6,0.0,True,61.13,19,5,9,39.55,Moderately Destabilizing,48,22,-26
W23R,W,R,23,36.4377,,5.66,3,1.8867,-0.0451,4,1.0,1.8,1.0,False,34.81,10,7,3,39.41,Moderately Destabilizing,49,7,-42
K164E,K,E,164,36.0598,,-2.77,7,-0.3957,0.0734,9,4.0,0.2,-2.0,True,25.21,11,8,6,39.23,Moderately Destabilizing,50,9,-41
R342P,R,P,342,36.0602,,1.86,4,0.465,-0.0619,5,1.0,1.45,-1.0,False,40.68,13,8,8,39.19,Moderately Destabilizing,51,8,-43
A276V,A,V,276,29.8071,,-4.14,3,-1.38,-0.1712,9,0.0,1.2,0.0,True,45.1,15,6,5,38.87,Moderately Destabilizing,52,70,18
C141Y,C,Y,141,33.2702,,2.46,5,0.492,0.0147,8,0.0,1.9,0.0,True,29.1,12,17,7,38.0,Moderately Destabilizing,53,30,-23
M40N,M,N,40,26.7035,,4.12,2,2.06,0.106,2,0.0,2.7,0.0,False,41.33,14,5,6,37.47,Moderately Destabilizing,54,86,32
G108L,G,L,108,25.9235,,-15.95,7,-2.2786,-0.3845,9,0.0,2.1,0.0,True,55.38,19,7,10,37.01,Moderately Destabilizing,55,89,34
L22F,L,F,22,29.3793,,0.26,4,0.065,0.0216,5,0.0,0.5,0.0,False,50.45,18,8,5,36.75,Moderately Destabilizing,56,73,17
P250L,P,L,250,33.8884,,-20.32,8,-2.54,-0.0268,9,0.0,2.7,0.0,True,63.13,21,6,8,36.64,Moderately Destabilizing,57,20,-37
R175C,R,C,175,25.8032,,-15.15,10,-1.515,-1.0624,9,2.0,3.5,-1.0,True,21.43,9,14,8,36.64,Moderately Destabilizing,57,90,33
G245S,G,S,245,33.4872,,1.73,7,0.2471,-0.0378,9,0.0,0.2,0.0,True,33.45,12,9,8,36.57,Moderately Destabilizing,59,26,-33
N247D,N,D,247,30.7411,,0.61,5,0.122,0.138,9,2.0,0.0,-1.0,True,25.17,11,11,9,36.55,Moderately Destabilizing,60,64,4
Y220S,Y,S,220,32.0651,,5.35,4,1.3375,0.1556,9,0.0,0.25,0.0,True,26.57,10,16,5,36.28,Moderately Destabilizing,61,53,-8
F270L,F,L,270,34.4647,,-0.2,6,-0.0333,-0.1488,8,0.0,0.5,0.0,True,36.6,13,12,5,36.17,Moderately Destabilizing,62,16,-46
R158H,R,H,158,33.4055,,-3.95,9,-0.4389,-0.0471,9,1.8,0.65,-0.9,True,26.76,8,14,6,35.67,Moderately Destabilizing,63,28,-35
R273H,R,H,273,20.9865,,-5.98,9,-0.6644,-0.9629,9,2.7,0.65,-0.9,True,13.29,5,12,4,35.2,Moderately Destabilizing,64,106,42
Q331R,Q,R,331,28.6333,,0.0,0,0.0,0.0,0,1.0,0.5,1.0,False,56.98,19,5,9,35.16,Moderately Destabilizing,65,79,14
K292R,K,R,292,24.399,,-1.82,3,-0.6067,0.0445,9,0.0,0.3,0.0,True,36.21,14,4,9,35.07,Moderately Destabilizing,66,94,28
Y220N,Y,N,220,29.083,,5.71,4,1.4275,0.2558,9,0.0,1.1,0.0,True,16.91,8,10,2,35.05,Moderately Destabilizing,67,76,9
R248W,R,W,248,32.6174,,-7.55,4,-1.8875,0.1647,9,3.0,1.8,-1.0,True,18.18,6,12,4,35.02,Moderately Destabilizing,68,44,-24
P152L,P,L,152,27.6545,,-4.51,2,-2.255,0.1022,9,0.0,2.7,0.0,True,25.26,9,14,5,34.9,Moderately Destabilizing,69,82,13
R282W,R,W,282,28.8514,,-11.36,8,-1.42,-0.3358,9,2.0,1.8,-1.0,True,27.25,11,7,8,34.86,Moderately Destabilizing,70,78,8
V217M,V,M,217,24.4862,,-0.04,8,-0.005,-0.0182,9,0.0,1.15,0.0,True,24.86,10,4,5,34.77,Moderately Destabilizing,71,93,22
R337H,R,H,337,32.9437,,-3.2,5,-0.64,0.116,7,0.9,0.65,-0.9,False,36.11,13,9,4,34.33,Moderately Destabilizing,72,36,-36
R156H,R,H,156,32.3977,,-2.84,8,-0.355,0.0083,9,1.8,0.65,-0.9,True,20.39,9,14,5,34.28,Moderately Destabilizing,73,46,-27
G244C,G,C,244,19.8936,,-5.59,4,-1.3975,-1.0982,8,0.0,1.45,0.0,True,24.29,9,22,6,34.12,Moderately Destabilizing,74,112,38
P34L,P,L,34,32.0017,,0.0,0,0.0,0.0,0,0.0,2.7,0.0,False,44.12,16,3,7,33.8,Moderately Destabilizing,75,54,-21
Y220C,Y,C,220,22.1159,,0.0,4,0.0,0.1614,9,0.0,1.9,0.0,True,17.57,7,14,2,33.59,Moderately Destabilizing,76,102,26
N29S,N,S,29,33.001,,0.0,0,0.0,0.0,0,0.0,1.35,0.0,False,52.58,19,10,6,33.52,Moderately Destabilizing,77,34,-43
P71V,P,V,71,20.3495,,0.0,0,0.0,0.0,0,0.0,2.9,0.0,False,41.79,16,6,4,33.52,Moderately Destabilizing,77,110,33
K132R,K,R,132,17.7668,,-5.01,8,-0.6262,0.0068,8,0.0,0.3,0.0,True,40.73,13,3,3,33.41,Moderately Destabilizing,79,121,42
R280K,R,K,280,24.7245,,3.75,6,0.625,0.0121,9,0.0,0.3,0.0,True,17.55,6,11,5,33.11,Moderately Destabilizing,80,91,11
R273C,R,C,273,29.3747,,-14.72,9,-1.6356,-0.0893,9,3.0,3.5,-1.0,True,11.64,5,10,2,32.87,Moderately Destabilizing,81,74,-7
L130F,L,F,130,18.5312,,-0.04,3,-0.0133,-0.1565,9,0.0,0.5,0.0,True,20.72,7,4,2,32.62,Moderately Destabilizing,82,116,34
P72R,P,R,72,37.0815,,0.0,0,0.0,0.0,0,1.0,1.45,1.0,False,41.28,15,7,8,32.42,Moderately Destabilizing,83,3,-80
G302R,G,R,302,30.93,,0.0,0,0.0,0.0,0,1.0,2.05,1.0,False,36.01,12,8,4,32.09,Moderately Destabilizing,84,61,-23
V272M,V,M,272,28.2678,,-0.51,8,-0.0637,-0.1295,8,0.0,1.15,0.0,True,19.31,8,14,7,32.05,Moderately Destabilizing,85,80,-5
P47S,P,S,47,22.0739,,0.24,1,0.24,-0.3201,3,0.0,0.4,0.0,False,38.86,12,7,6,31.93,Moderately Destabilizing,86,103,17
K372S,K,S,372,33.2867,,0.0,0,0.0,0.0,0,1.0,1.55,-1.0,False,38.75,14,5,9,31.87,Moderately Destabilizing,87,29,-58
A189V,A,V,189,18.9269,,-5.49,5,-1.098,0.191,9,0.0,1.2,0.0,True,28.37,9,13,7,31.77,Moderately Destabilizing,88,115,27
E326N,E,N,326,36.5389,,-0.15,1,-0.15,-0.5322,2,1.0,0.0,1.0,False,36.34,11,7,6,31.76,Moderately Destabilizing,89,4,-85
D49R,D,R,49,29.5919,,-0.33,2,-0.165,-0.0203,2,2.0,0.5,2.0,False,31.7,12,11,4,31.71,Moderately Destabilizing,90,71,-19
P278S,P,S,278,36.5299,,1.24,14,0.0886,0.081,9,0.0,0.4,0.0,True,17.8,7,22,3,31.56,Moderately Destabilizing,91,5,-86
N345S,N,S,345,33.1697,,-0.4,4,-0.1,-0.1331,5,0.0,1.35,0.0,False,26.34,11,10,6,31.34,Moderately Destabilizing,92,32,-60
S166L,S,L,166,33.6555,,-6.27,2,-3.135,0.1605,9,0.0,2.3,0.0,True,19.56,7,14,4,31.02,Moderately Destabilizing,93,24,-69
D393E,D,E,393,35.2479,,0.0,0,0.0,0.0,0,0.0,0.0,0.0,False,51.94,18,6,6,30.5,Moderately Destabilizing,94,13,-81
M237I,M,I,237,19.7161,,-3.76,8,-0.47,-0.0523,9,0.0,1.3,0.0,True,16.51,6,10,4,30.31,Moderately Destabilizing,95,113,18
S241F,S,F,241,37.8149,,-13.36,5,-2.672,-0.3112,9,0.0,1.8,0.0,True,29.86,10,14,3,30.1,Moderately Destabilizing,96,1,-95
P85S,P,S,85,34.2345,,0.0,0,0.0,0.0,0,0.0,0.4,0.0,False,46.56,17,4,8,29.71,Moderately Destabilizing,97,18,-79
S46E,S,E,46,32.9965,,0.61,1,0.61,0.1249,3,1.0,1.35,-1.0,False,21.96,8,12,6,29.7,Moderately Destabilizing,98,35,-63
S313R,S,R,313,33.9092,,0.0,0,0.0,0.0,0,1.0,1.85,1.0,False,28.89,11,8,4,29.52,Moderately Destabilizing,99,19,-80
A159V,A,V,159,33.7969,,-10.69,8,-1.3362,-0.0634,8,0.0,1.2,0.0,True,32.35,12,9,7,29.37,Moderately Destabilizing,100,21,-79
A138V,A,V,138,14.2027,,-5.02,4,-1.255,0.0538,9,0.0,1.2,0.0,True,17.47,8,7,5,29.23,Moderately Destabilizing,101,126,25
E339D,E,D,339,14.6002,,-0.26,4,-0.065,-0.0235,6,0.0,0.0,0.0,False,25.6,10,7,6,29.13,Moderately Destabilizing,102,125,23
H380R,H,R,380,30.918,,0.0,0,0.0,0.0,0,0.9,0.65,0.9,False,36.54,14,8,5,29.1,Moderately Destabilizing,103,63,-40
R267W,R,W,267,30.4295,,-23.12,13,-1.7785,0.0395,9,2.0,1.8,-1.0,True,36.95,13,19,7,29.05,Moderately Destabilizing,104,65,-39
P36G,P,G,36,19.4784,,0.0,0,0.0,0.0,0,0.0,0.6,0.0,False,41.49,15,9,10,28.6,Moderately Destabilizing,105,114,9
V157F,V,F,157,32.2828,,-6.81,8,-0.8513,-0.0059,9,0.0,0.7,0.0,True,21.61,7,8,2,28.48,Moderately Destabilizing,106,48,-58
D21N,D,N,21,33.6655,,-0.44,4,-0.11,0.0633,4,1.0,0.0,1.0,False,24.52,9,7,5,28.28,Moderately Destabilizing,107,23,-84
R273L,R,L,273,30.1157,,-25.44,9,-2.8267,-0.0807,9,3.0,4.15,-1.0,True,14.65,5,19,3,28.26,Moderately Destabilizing,108,67,-41
R306P,R,P,306,32.7287,,0.0,0,0.0,0.0,0,1.0,1.45,-1.0,False,26.84,10,7,7,28.06,Moderately Destabilizing,109,43,-66
K382R,K,R,382,31.7023,,0.0,0,0.0,0.0,0,0.0,0.3,0.0,False,41.51,15,8,6,27.98,Moderately Destabilizing,110,57,-53
R158L,R,L,158,32.2115,,-26.45,9,-2.9389,-0.0434,9,2.0,4.15,-1.0,True,22.22,8,9,5,27.68,Moderately Destabilizing,111,49,-62
L25V,L,V,25,29.8216,,1.81,2,0.905,-0.0559,4,0.0,0.2,0.0,False,21.92,9,14,5,27.64,Moderately Destabilizing,112,69,-43
V31I,V,I,31,30.9209,,-0.6,1,-0.6,0.0698,2,0.0,0.15,0.0,False,36.06,13,7,6,27.63,Moderately Destabilizing,113,62,-51
S378Q,S,Q,378,23.9704,,0.0,0,0.0,0.0,0,0.0,1.35,0.0,False,30.93,12,7,4,26.99,Moderately Destabilizing,114,96,-18
T253I,T,I,253,26.1832,,-17.78,8,-2.2225,-0.4844,9,0.0,2.6,0.0,True,20.68,9,7,6,26.75,Moderately Destabilizing,115,88,-27
K319T,K,T,319,29.1008,,0.0,0,0.0,0.0,0,1.0,1.6,-1.0,False,20.77,9,7,6,26.55,Moderately Destabilizing,116,75,-41
Q375H,Q,H,375,35.1303,,0.0,0,0.0,0.0,0,0.1,0.15,0.1,False,36.8,13,5,6,26.45,Moderately Destabilizing,117,15,-102
L14V,L,V,14,17.2207,,1.87,2,0.935,-0.1939,5,0.0,0.2,0.0,False,10.89,5,9,4,25.92,Moderately Destabilizing,118,123,5
C242F,C,F,242,13.313,,-6.99,7,-0.9986,-0.2349,9,0.0,0.15,0.0,True,13.91,5,13,4,25.64,Moderately Destabilizing,119,127,8
V173L,V,L,173,17.7013,,-7.59,8,-0.9487,-0.3076,9,0.0,0.2,0.0,True,13.54,6,14,3,25.49,Moderately Destabilizing,120,122,2
T387V,T,V,387,18.0304,,0.0,0,0.0,0.0,0,0.0,2.45,0.0,False,15.34,5,14,3,24.6,Neutral/Mild,121,117,-4
E352D,E,D,352,17.8069,,-0.48,4,-0.12,0.0202,6,0.0,0.0,0.0,False,9.92,4,10,2,24.11,Neutral/Mild,122,120,-2
S366A,S,A,366,32.7697,,0.0,0,0.0,0.0,0,0.0,1.3,0.0,False,20.61,8,7,4,23.77,Neutral/Mild,123,42,-81
C176F,C,F,176,27.554,,-9.51,9,-1.0567,0.0388,9,0.0,0.15,0.0,True,13.49,6,15,3,23.01,Neutral/Mild,124,83,-41
Q5T,Q,T,5,29.9808,,0.0,0,0.0,0.0,0,0.0,1.4,0.0,False,16.83,6,12,3,22.84,Neutral/Mild,125,68,-57
E56D,E,D,56,33.1264,,0.0,0,0.0,0.0,0,0.0,0.0,0.0,False,25.81,10,9,4,22.61,Neutral/Mild,126,33,-93
T125M,T,M,125,26.5572,,-19.45,12,-1.6208,0.0828,9,0.0,1.3,0.0,True,22.25,9,21,8,21.57,Neutral/Mild,127,87,-40
G187T,G,T,187,20.2392,,0.0,0,0.0,0.0,0,0.0,0.15,0.0,True,9.64,3,14,3,18.05,Neutral/Mild,128,111,-17
